00000922-11f6-41a0-9ba0-1adcec554771-1537821865875,45103
00001b80-386d-445f-ad28-e2972a40cfe3-1547469770973,48349
00001fbb-52b2-42bd-8f40-9a828b8fcf93,25496
0000093b-ab63-4aef-a8b4-58ce835bf785-1545052518588,44327,44327
0000584d-c16a-4f38-be13-0e5f76cdd4ce-1542637693118,48028
00001be6-4c10-4779-ba0a-e5472f5143e9-1528631542274,32018,32018,34127
00005a5c-a7ea-411a-bcca-52b830a0b82e-1543591226612,48123-omdoos
00002a77-f4c9-43b2-a153-f66b352a6045-1531678503237,21857
0000631f-050b-4fd0-80f0-efe014c9a6a1,33695
000062c5-7044-46a7-a429-1f9657996113-1522319474762,45103,45103
00007dd6-82f5-4d04-b66b-84c9411ba1e5-1531679194627,40684
00003238-1f70-4589-a79b-f2fb0869e0ff-1535638215378,45699
0000886a-50e0-4b93-8853-5bea0663fa3a-1518874882288,27798
00003141-f613-407a-89c1-d8d624ca5feb-1519514778287,16560,31940,16560
000099ac-09bc-4a35-bbc5-979ed1884775-1525025681573,38480
000074e6-7ca7-437b-b2fc-f956831439fc-1542135637973,42712,38388
00008a1a-cd95-467d-96e1-bfd13ae47746-1520501821671,21268,21268
00009e49-f80e-4f68-9f56-40b863340360-1546868087050,45107
0000a737-6bf4-418e-b5a5-8b70d8d56b48-1534762322257,47070
000099c1-9863-4bb0-9fa6-705253bb53a6-1531573435518,29606
0000a8fe-a90b-43d5-9bc7-1b54eeb4cfdb-1542019006401,46509
0000e1cd-7dd3-43a2-b19e-c21478518644-1539367328736,25974,25974
0000f4d7-dc62-49ab-a57a-b1573370a4c3-1522062602321,39538
0000c807-d86c-44dd-be38-5e870a4285de-1521795099243,42518-groen
0000b09e-1e4b-4829-bcaa-fa852daf5fef-1547650362822,35445,35445
0000a1c1-466a-4c67-9b82-4e4a0ba82e72-1527838572042,33070
000103b7-421d-425f-8934-f17793b4a7cd,42682,41102,39515,29229,39408
00011e9f-1de6-4697-a2ec-5d7e1c94b5f0,36168
0000e0d0-d647-4c1a-b6e5-3c965ba49e39-1521567222522,30620,5942,7174,30624,5941,30626,5942,30626,8629,8627,8628
00012097-4e00-4226-bdf1-627fc051064a-1527145159827,41420
0000e70c-97df-4833-b768-24a49fc9e38d-1542590694647,27786
0000f4eb-f008-42f6-9765-ee2691aee660-1521890157811,20419,43349,20419,16282
000130a9-e593-4537-a603-21edf79fe85d,42038
00011b3c-389f-4fa5-8540-0f592a70b329-1529241366668,45102,45116,45665
0000ea76-3f34-45ee-ab86-c1e01f548c09-1522236687057,41946,4679,4679,4679,41946,4679,27085,4679,4679,40770
000140ce-e093-4a08-b907-52d49a7601f3,43505
000138dd-37c6-4d98-b2b0-1470a82c135b-1531838534624,27362
000145f6-7130-44ce-a83f-988a9d68f22a-1542536285085,9740
00014678-29d1-4c86-93d8-0cce6cd6ae3c-1544192051099,38500
00015036-43de-4b87-9971-2807325d6042-1531493745483,46652
0001514d-998c-4427-8ad3-2cae2ff8540f-1534936389197,45537
0001552d-1f07-4e58-98cf-e9f48115ab46,17116
0001481d-5fe9-425d-8394-3f4cc2810dd1-1526659821594,43825,43823
000124ec-4bcb-43d3-a253-c40222aee834,38815
00015776-51b3-4466-8218-9eaced37e66a-1522737912543,1697
00016df4-52c8-46fb-b59c-badaf904e6fe-1531150525171,45801,45801
00018971-4289-40f7-a8ae-c4f49ca27ad1-1533899226745,28458
000167af-51aa-44af-83ee-3eb451cdf2b1-1532440303102,44073
0001a668-e4c4-4244-8916-d7ebb2819a2c-1547291754799,31654
0001a42f-1ddd-4ca2-bb49-6857b67c6fd8-1524510991188,33497,33496,45202
0001d3ec-2ce7-487a-858b-621e8fb965eb-1547493291283,40197
0001db6a-751c-4f9f-beb1-3e9b160e6c14-1523991573671,22151
0001e3e9-67a8-491a-8ae3-f27018da273c-1546519629176,34693,47864
0001e405-33bd-4e3f-afce-c34f1aa7f868-1532013089481,33155,33155
000210cc-dece-427d-a1e9-83424927f6e5-1521483814475,44394
00021c77-1e4a-4db8-9c87-e944be9bd593-1536744128014,28419
0002272e-8fbf-4a4a-acb7-f17707d9e775-1530037474128,44758,44758
00022110-db37-4465-afa6-c368c81e510b-1523527650500,45175,45101,32819
0001fd68-d315-4f73-968c-1c33c9866fb3-1531669041950,45373,45373,45373,45391,3397,45391
00023bc7-b20d-4130-beb3-d50117e71cd9-1545579540303,27362
00022e39-9dd1-4a3d-8b17-99857e2805dd-1525009896541,43245,04357
000240a0-90c7-4f94-9f9d-065e092aca30-1522531297944,42331
00024c5a-58e1-4bab-bdd6-6b0a265a0d0e-1519384861570,43667
000228c0-d6df-43fe-8fe1-89a49bfff5c8,9532,41470,2547,2537,20804,42924,33601-donkerblauw,20859
00025968-91bd-4a5b-a5d8-111dd97981d7-1546466267066,33434-witxl
00026081-b9f1-454c-9ca0-814b68ab1b08-1535629931180,39830,39772,46173
00022b4b-e0ad-4888-b861-22583390a169-1520621044360,27645,40182,8929,8929
00025413-49f1-439c-8408-1103fc67681d-1526321823090,45483
00026514-d23c-43e4-b076-94e296264958-1547747596286,44368
000278f8-37ca-496e-a4ad-3504237bed49-1531337725334,40290
000266bb-8e4c-4243-871a-8730e832ae98-1538391334020,40889-creme,40889-blauw
00027f37-7c48-4c68-9df8-c8ab93246c30-1538578942672,39787
0002d3d2-04f6-4ef5-bf9c-4f04baa54a19-1535391531629,44758
00028537-c1b1-4e98-a1ca-27854550e901-1521452532341,7911,22061,32572
000307d7-f025-424e-a237-973cf36b6d40,43182,43182
0002f444-4186-46f7-a7db-c57efa19e8ae-1531821549657,36006
00032fcc-5e27-4890-b07f-431ea975d851-1535901446706,42204,29986
00029257-0182-45ad-9290-466bb243d608-1523049602504,23275,29620
00034aba-494c-4582-8315-64ab3e566774-1537184627515,46714
000333bc-b5e4-454c-9608-d2feea8e22de-1522757850545,44606
000354db-82c2-4172-9285-b57d7edcd530-1545581137493,31713
00035c6a-3deb-4325-8a60-667569117608-1526031719594,30929
000354a4-1265-443e-bae0-a60740570c53,04052,04052,33532
00034caa-3f08-49a8-9659-2aecbc8940f6-1528803025315,43953
00037da0-d9f4-49b3-8dc9-84a61383ad9d-1539865842861,47484
00036e22-e689-406f-a96b-67a48a3e45b5-1541748925628,35425,35425,46514,46470,46470,46470,35425,35425
0003941b-d0bf-436a-b943-4e35a291deb9-1536386459576,25222
0003b638-b284-41a0-9c0b-7fe6c07ce895,43199
0003d70e-0d83-4c33-8cc2-844d25219a70-1540277221943,39687
0003f15b-3322-455e-a8ef-ca3624526126-1540751124201,35425
0003daa4-c662-47e3-bfe1-00be7a3f598b-1533454867007,44229
0003917a-59d4-4eeb-a4c5-18ded7a42bbd-1544640920229,17168,17022
00040705-7803-489b-896d-c864be3484c9-1547821138303,46519
000406e5-ab27-4c8c-91eb-e9e3447b63f2-1523023371523,45216
00037997-7598-4b84-90e6-5679a03771a2-1542842728560,39144,42703,42703
0003b7f0-087a-4311-8dc3-025cd149e20b-1538077231252,47067,47067,47067,47067,46808
0003675c-2540-4642-a1eb-9d930789523e-1522171021333,43846,38815,31654,45197,45197
00042704-139f-47fe-9a62-482802529301-1534855326815,39502
00042779-8090-4e64-8f44-739bd5071a70,26185
000429d1-a4d0-45bf-bcd0-92bc91e9fc14-1521756797680,45182
00043052-0a48-4dc6-9a15-56bff704439d-1532085707745,45537
00043158-c767-42f8-b925-16f72ab7e741-1533675171158,35422
000454ba-0de8-4666-927a-45168f5767dc-1527075600316,6874
00045d62-209b-4884-95b2-580d7f2d7ae4,43401
00045c31-b41f-4ff2-b794-094fa2127590-1532593591781,39142
00045d44-5897-4255-9c34-e969ebfa594e,35774
00046a32-15cd-441f-addb-e17951cbc04d-1544441517489,90254,90254
00047b02-db73-4f29-a23a-fcdfbb51110c,23602
00047b55-fe8b-4d88-8865-2244909da03e-1541946937835,44828,44828
0004808a-67ea-458f-8b9e-227f7ae7b8a7-1536672757145,26085
0004bfe4-853d-4623-af13-94b79bd1432d-1540538833103,47332
000493f4-147a-426a-9d1a-257a700dabf4-1537280581138,46820,46820
0004b4f3-89a8-4701-b4a1-debbe4adb8a7-1523561872720,45334
0004c43e-298d-4c1e-80cd-6a96ee944089-1539070247561,45101
0004df18-6924-4c48-8a58-d5cc8b76d47a-1535023470844,46012
000417e0-8695-4dec-9393-68c6f7234559-1519136218582,29733,29733,29733,29733,29733,29733,29733,29733,28206,34119,29761
00050c0a-6f36-4c34-b251-f35092aae6ca-1525086479084,29526
00051a44-2238-4e6f-b9fc-694e68cfbb2c-1524148327380,23394
000522b2-95dd-41a4-ac39-b1f3a4fd94fc-1532860928472,45272
00050d98-9bbd-4bd5-a259-1fca8cf12d9d-1543236022184,31563,31564
00052fd5-b440-4645-b290-6b9fb0278c99-1541244354641,23745
000530a7-f805-476a-b0e0-6b9d4831aa2e-1546710525637,47483
0004dd92-78e8-40f9-9073-6fd0f602d39e-1530379756571,46508,46005,46508,45711,44076,43953,44074,45537
00053217-7606-45c7-98c9-40bc7a4c4ba3-1529088935187,45104,45116,45116
00053df5-64ee-41e4-b28d-506895f6a080-1520253903810,43824
00054f92-322f-440a-ad48-9e0cf5e63348-1520245488057,40607
00053a7b-9a1c-4365-96ba-38847f7ceb7e-1536159464910,46005
00055213-8715-4f87-8ac0-0fe5f8232ee2-1536740443354,38822
000569ff-3e3a-49a9-8209-d09498e1c12a-1519383489752,22447,35445
00054ffc-22eb-4310-b654-1c20ecc7c3f5-1530973781084,30046
00056e7a-f45d-4abd-b6e8-944dc1b7a777-1538136346276,16120
00050906-1738-4b9a-90fe-8fdbd147733e-1518735569771,42010
0005712a-e718-4db5-88e3-b99769ce9a0b-1538084093140,30044
00058c07-da53-49fc-9d9a-20aadf6423c1-1543314441715,29606
00047d5f-bb00-4792-adb2-6e98b15fb1e4-1530459420847,45879,45879,45879,45879,45879,45879,45879,45879,45879,45859,39826,21480,42218
0005b246-4d38-4a91-b485-8d4a07afe980-1545587535887,48334
0005a804-5045-416d-9d74-facf1040db1f-1539627983126,3397,3397,3397,3397,3397
0005c1e7-ddc3-461b-9425-7cd2898aa7e3-1524860090593,38562
0005da18-202c-4b94-8145-4e0960d130ac-1528441081828,28228
000586da-2bbf-45d8-9972-a21cfc352623,7582,39705,39251,39814,26162,43212
0005cf00-ab18-40df-b4ef-15048f0a6bb2-1537273312679,35310
000606d2-86ba-4210-afbf-34eb191dd2af-1530351669570,40794
00060d67-264d-4ee6-9050-177ccbc646bf-1521061404593,43572
0006076c-3673-4e3e-aae8-76814bef6b99-1532277830843,3397,45411
00060b71-17ca-4b76-a3f5-3f8894e7389d-1547489601150,33287
0005c459-f684-413e-ae04-a9b83240ff79-1527692840430,1932
00064e6b-16b1-466a-a952-7e909e99b7c2-1537718674428,47176-roze-m
0006414b-397b-4a07-937d-472fc2c6ee0e-1522735973290,45105
00065b99-8cb8-4b40-a155-e979c3558cae-1536314599039,9577
00066362-0737-4e69-8b3a-af3b0dbc8ea0-1535562845058,45103,45103
000678e3-ff15-4f9b-b567-cc1b629158c0-1534613790533,46118
000626b2-a272-42ae-aac6-a5c89aee6578-1527673432699,21775,1689
00067fea-dc77-4a14-a472-16a64fd05c2a-1548017958186,30057
00065333-ee1f-470e-897e-fb0f93bd7d54-1524593376739,43025,43845
00069fd6-b395-4b1d-a5a1-0c2c67ae27f7-1519305919387,42672
000698cc-234c-420e-9cb4-74a505262ac3-1544357920511,47365
00063aca-813f-4f6e-add2-7b37dbd80daf-1528114981139,31785,31785,31785
0005cefd-a425-4bea-82a9-18a920d8447a-1521103815035,41451,34888,36004,41421,42967,42677,45184,45185
00069fa6-96fb-4e05-aeca-20d45e05d0df-1545652203649,27213
000693b5-e59a-4327-912f-3345adaa1879-1532941111643,7495
00067ecd-60b9-4369-bd37-ff2896b7e08b-1544101753338,3554
0006bd2e-198b-42de-a087-affc5df4bd7a-1542826070046,6911
0006d506-3f45-4069-81ce-0b1e71a18a3c-1540410767988,38573
0006cfca-c03f-426f-b397-702df0c3f78a-1522525820326,42331
0006c3a7-9eb1-4d2e-9e3d-210e287fe38b-1529393500574,29877-zigzag,29877-zigzag
0006bfa1-915f-4880-ab63-8694473a406e,36097,38833
0006e853-d439-4def-a7b3-2f28e692d6a0-1520245141677,31705
0006e96c-949c-46d2-8fc6-99bef12d774e-1540843800108,35425
0006ec1e-d518-41be-ae7e-ff7f69297291-1518918141888,39593
0006fb18-e308-456a-9887-4a12e1908e27-1539948273524,34693
000701bc-db2f-444d-9295-32c51a31a106-1525876534747,43951
0007002f-1d91-411d-97be-ee73d1b15326-1546508068891,23374
000720ec-5a01-49d5-9fa5-0e8213426da3-1539940383510,32168
000729c1-c729-436e-83c0-e0e9ecddc4a2-1533750741079,27063
000720e1-d8d1-44b2-bfe4-040f984458e9-1544629284788,36219,36219,36219,36219,36219,36219
00072f60-2143-4a21-bad5-5692fb24311c-1535533296770,29966-dieren,29966-dieren
0007478e-cbb7-47ed-bc2f-1b087cc55eb7-1518885217631,20743
000745c8-9cbb-4961-afc0-31956caa9fed,42449,42310,42449
00073d86-895a-498d-8c30-b47d0de1c026-1521040823225,44748
00076541-f4e5-4904-9cc3-14481dbe7182-1542473107824,45301,45301
00075c5d-a903-43d1-b743-1e77381b539a-1545562123265,47958,47959
00078203-90f4-4563-9879-d879ff7cfabb-1524453038079,45537
00076dfc-4ddb-4061-935e-d2ea1b42315a-1536232861083,45405
000789d3-409b-4ac2-a82c-df70afc34e6f-1533323895349,46005
00079639-2c21-4324-a898-5568a432df01-1544348558303,45718
00079335-9da9-471b-ac24-89d7fd79febc-1522140691749,44795
00079a2b-5c34-4f43-8c94-0bb720d4901c-1541614366130,46686
0007a496-ea5c-4b20-9267-08fe89036ff3-1533141643337,38555
0007a92a-125f-4f22-af33-d56fd6563c3e-1522960924113,27224
00077f63-6543-429f-97fe-e34809d8c0ad-1527315912159,44738
0007bcd1-dab5-419c-b9f9-eb9b16bfec18-1525806798843,30421
0007a5df-5fa2-420b-8ce0-58764476227c-1533985559737,4488
0007aa21-84a3-4cf0-9f38-08454992c6c5-1524740383828,16441,23454
000768b2-30d1-4e99-88e5-0f7b145979e5-1532517690428,44079,44079,44079,44079
0007bffa-60b6-4e46-947a-f45374f1e3d3-1544902964357,46740
0007e783-c3f3-463d-aedc-e1e85e08c0f7-1543416081196,21088
0007d406-cd14-4575-9501-4a1349b00f9c-1540585657043,47548
0007c828-d0cf-46d3-bd8e-476442504ee1-1537788317578,34118
0007e800-30fd-4d46-9e08-cfd28d970f9c,20782
0007f259-e553-4e60-bafa-bbb5b1a380da-1532168124380,42889
0007f13b-02dd-4383-a2c8-46ffae319614-1531920386734,46213
00082af3-a43b-4710-9489-e1cba940735d-1533309252188,46819
00082b3a-c700-4b37-9cfd-43956ddfd760-1532177697099,29771
0007fdec-81e2-4b1d-b35f-ecf565b37cb3-1518720333223,43576,43576,29332
000848c5-ef1e-42dd-955a-19ab1e72543f-1544370089049,26207
0008420b-a7b3-4ed7-9fa7-c293712914c6-1548063727256,42203,7096
00085f5d-c9e7-41bc-9ef4-6d77b1dde83b-1529830319145,41757,41757
000861b8-02d5-4133-89da-a0665c8be336-1519063453623,27942
00086974-cffb-43d9-a432-acd3b0a0a8ec-1529608432285,42877
0008890c-57d4-404a-9c65-a794da80b01c-1544390517032,42744
00087805-80d9-43fc-a5df-6b52cd593f7e-1519759166083,31654
00087557-54ff-4d07-a8af-98588c925d6c-1530308264210,45935,45934,45569,45935,45569
00086afe-dd2e-47a3-9923-3a26493b52cc-1530011302804,45891,45891,45891
0008a370-adfc-4095-9ac6-c0d1aaaad49a,42452
00089e4a-7071-4e8b-a1c7-7798931be254-1520258340184,40196
0008b20a-9b6b-437b-9493-1de36e4b8f9a-1528702577537,40292
0008b9b0-fb4a-4232-b509-37e5bbc262d4-1535457680563,47062
000855c6-5d45-4d07-8545-6758ca4d1d82-1547200062260,29099,29099,16121,16121
000896c4-4f5f-42ca-ab74-5540766e40da-1542992323920,47507
0008bff1-5a0c-461f-bb0d-9970d69c8db7-1537790418180,45103
0008bffa-1fbf-4fa6-b6b9-cf303f0f4886-1544894143000,47779,47778
0008dd85-8844-48c5-b95b-c435ccd50e2a-1528463823985,45514-beauty
0008da8e-67f7-40f6-8d84-5e72a4a101bc-1522912453345,41745,41745
00087a87-14af-49e4-89ba-a430dca9f8a1-1537808158886,35421,35419
0008ea5b-436d-44a6-93f9-dcf3915de988-1530569661410,42284
0008de02-b356-4f11-8afe-d64316280950-1547048458576,31654,31654,45402
00091c58-2a66-430d-86e1-ca78b58458b5-1538504583480,34518
0008ff9c-4470-4913-9ff0-a35876973156-1537381222794,41757
0009148a-67ab-498d-abde-262245f61e71-1544474301590,1932
0009201b-ddcb-4993-92e1-d61b30dbd3c0-1540226282574,29134,46350
00092fc2-1c93-46a6-aefa-4c7638429362-1537800916180,36246
0008df31-eacc-4580-a29d-9dc379801e52,20561,20561,20561,43129,42522-veewagenrood,33099-Princess,20598
00094733-f1f9-45ab-b2ee-a45658d566b2-1534686842360,43366,45581
00092869-51f0-42eb-a809-c2f06333228a-1528532542902,45850
000925eb-cce7-4cbe-a6e8-369e740acc86-1548193421096,9341,24998,9341,9341,45110
00091ce9-36e3-4f77-958d-3ce8132fd2ba-1522323270755,1470,1475
00096b04-081d-43ca-9b1b-658c1dd44a26-1521061749651,29840
00096898-3cc4-45bf-883b-4d4553e126aa-1528633171099,32903,32903,32903,32903,32903
00097919-af33-4057-b302-e27e0cc5a00f-1531967781261,46254,46254,46254,46254,46254
00097935-203e-4fe5-8cd4-3ec6b6380e33-1525772277551,27716
0009c918-c3c8-4259-b3b5-6a0440c768cc-1530562830003,45989
0009568c-0161-4fb5-8b09-2b18b95b3c42-1523799041021,43436,04342-jemima,44216,26432-naked,42521,39591
0009d84b-8bdc-4f47-a438-47b743b23dfd-1542911678489,28027
0009a890-0d83-4178-8bf9-fe2bbad3eea0-1526906338582,45178
0009d367-17cf-4387-bd84-5fc7df61b33f-1542990188644,34072-paars,34072-geel
0009fb7f-6f32-4adb-a271-f3885637a815-1527533005164,7180
0009f2bb-ea0b-41c4-a6c9-8b4b9a76dc7f-1524678077553,39535
0009dc5a-67db-4b53-b60d-4dda8bc060d2-1534768301817,41523
000a0723-8759-410f-aacc-b18cc088a1fe,43825
000a1970-9309-436d-91df-7325c21d19e8-1543403505886,46691
000a19b4-11ff-459a-88aa-852ea68a75d7-1529060175928,45593
0009df9a-ceac-4bba-8578-5ded848a85cc-1537264315368,21821,21821,3485,45970,45970,45970,45970
0009a152-1768-4e0e-8742-508826456de5-1536919085306,1586,1586,25960,8938,33129-Zwart,17303,45714-blauw
000a3b33-acf1-4e09-993c-c4a1f160ce78-1531397438031,44977,44977
000a50dd-cabb-4c73-93a4-bff47ff65960-1533014720548,46508
000a4477-3bfb-4636-93dd-57bebd967e94-1547018763032,36005
000a3176-8cb7-4033-973b-ea3e36c3c52d-1545038452046,24727
000a2f3d-a810-4917-b60a-b215f4b18a8e-1529424289676,8321,8321
000a6c56-a84b-41c0-8ff0-87d273921169-1541318717605,16511
000a7cfe-af72-4e21-8cb0-aa7de5b59538-1521309890474,44748
000a7666-95d9-4e08-a924-738ed333c001-1530369623192,46005
000a2c0a-d205-41a2-8f43-fc3b5ec14128,29890-blauw,29890-paars,29961,30004,29890-paars
000a88e3-20b1-408b-9d4b-fd6dec34f0b6-1546446444866,36013
000a9cfb-a156-409e-9a76-7e30b5eb9ed4-1527239429719,36074
000a7769-691d-4b5b-987a-c6d4a339beb7-1539954784311,47506,45122,45122
000acf5b-2eca-4e19-a4f2-a78b3b1d9027-1544536770205,33137,46542
000abb01-e2bb-4b3e-9477-4df5f3830b33-1526751744043,7310
000acd48-1fe2-4e49-b3a1-ed0f75fbd11b-1522141780756,42290,43126
000ab41b-1287-4260-8e33-15da68779328-1543431784805,31158
000b0c13-8a97-4355-b48b-d83ec4b5ad89-1533134528986,39383
000afff3-9d21-4583-9d74-6d5fd04b5d02-1548101752289,32230
000b274e-7f7a-49ab-b11f-aa9922b1cc6b-1539022893045,45486
000b31e0-ff7f-416f-85b3-be8141431409-1546333047450,44647
000b345b-c79d-4150-87ae-149052595c37-1540831952520,45833
000b45d5-e544-4de5-9cc2-e4cc00331893-1548057936266,42679
000ae5cf-c93d-49c2-a44e-bb64e221e416-1538228147085,45103,45103,45104,45103,45103,45103,45104,45103
000b4ef2-bb8e-40a1-a8c7-057fc9ddcf76-1526468767504,20930
000b4aef-c5bc-4dc9-9995-d9b6e65b7729,31654
000b5c7f-cb15-48f5-87d7-ad4b7f043b28-1529619109747,40600
000a5272-1826-425a-9f40-f7871d8ca706-1533485710070,38815,16750,43580,16052,16052,3071,3071,46352,41918,46353
000b5751-15ce-44d3-a979-eae13387d81c-1529087937391,45816,45809,45808
000b2c68-e4e6-484f-8ca6-5c4e5898bc19-1542984378175,35183,9244,29983,29981,9156,27216,32230
000b79ec-3e55-400c-9e46-7cc5c62a934b-1524591149348,45409,45409,45409
000b539d-c7a4-444c-b35f-9378eb2d2f87-1537962192136,46746,40684
000b8311-f8a5-4da9-a76e-97b75e859e33-1523879692561,45330
000a7354-046f-4bef-b99c-3997fe80a0fb-1519732020946,25324,20747,33155,5127,5127
000bacca-d060-4683-8a35-6094d5208fd3-1530649824241,30404
000bb6cb-1c81-4e55-b571-2e6190b5ff8d-1539171287730,46672,46672
000b8051-35ed-4fff-bd18-534fcd1fbade-1523541547319,16112
000bbc12-02b6-4fa7-bf3f-44c9a204145e-1520782653407,30026
000bd568-be4c-41b6-9cb1-491cb851b30d-1542987329548,3079,35442
000bdaab-9bfc-4b2d-a8ca-c6f575f0d5c0-1524491219103,45104
000be9fd-3eec-48d1-aee1-627b48d86a91-1529650342543,35360
000beead-8ca5-4199-952d-cddcf6a43ca3-1520796802135,22260
000c07c9-39c2-4f9d-841a-f2363c34df8a-1532254619647,29505
000c04ae-e979-44d7-ad5a-74b4fce8e318,43713
000bdaeb-b9bf-4d51-86f1-916893f2416d-1532517114710,36104,36104,36104,36104,46509
000c0b3a-04b6-4f25-b1da-add2ad327f09,43975,44051
000c0995-f919-4a1f-8e6c-ede86b64b627-1532345871567,34884
000c105a-109c-496a-aa31-b001ca7a7f1a-1536382591656,44758
000c18e8-999a-4864-a770-957275fb0b62-1542822215515,47365,47365
000c330a-f1ae-4f26-9267-40e5125e3ed7-1531582025192,45116,45116
000c572a-450c-49e0-9044-3dd29424779e,26763,27672
000c1f00-a108-4d25-995f-0e7879a6e21e-1521317350113,40199
000c2a1d-4531-41d0-b51c-2a564438e320-1519077772664,42678,42678,42678,42678,42678
000c6c76-c7be-4dd0-9a22-7503f6cc96c5-1532509655806,33627
000c6b8f-d5c1-48b9-97c9-15d6dc34ea86-1522620322873,40192,39705
000c67db-28f9-4dea-8f4c-2c6029e29933-1530386626392,45635
000c7496-c16c-4121-af0e-6a36576f0f53-1543428523462,21763
000c7a18-6b45-4e02-b002-873428c22d42-1532160585259,46254
000c87e6-762e-47b0-a2a8-c8b8aa5d36b9-1519854835628,35456
000c8a86-1acc-4a66-a997-37a8735179e1-1526110935599,45371
000c99a9-a17d-4efb-ba00-8eb1c8e6198e-1530171114826,27647
000c9d90-a5c0-41d2-aa2a-f778737602f6-1542139478549,31330-antracietM
000c8e01-0e1a-4327-805d-900413de0dd7-1539894407591,30593,44890,30593,44889
000c6b49-f3e4-40ed-b5dc-148a8a1726c5-1523905777496,40109
000c9eb9-283f-4fb3-bbd4-49b05ccba768-1543056799219,32518
000cb99b-beb1-4fde-bf58-42b2adfb7c06-1530372272784,36106
000ce75b-75cf-4f6f-9a0a-6aa78cb4af80-1543942808139,22350
000cd836-a9a8-4077-95c6-d23a1d568fc5-1546979445405,48252
000cfffe-1a6a-485d-845d-ab73c2157b54-1536749644273,5170
000d1313-e30d-4323-9946-f0800c68c9a9-1547971450048,47949
000d121a-2c86-4f25-958a-35620c0e579d-1544038594521,16823
000d3341-8bbf-4e42-b37f-cab187d470f7-1531056766593,20021
000d494e-8209-4f38-961c-93b216882448-1519650412807,16014
000d54e5-235e-4c01-bb8b-23ab111ea9cf-1536618972100,40684
000cb20b-d26c-4a22-ab90-9a582c7e7a5b-1547747447322,42751,42751,42751,42751,42751,42751,42751,42751,42751,42751,42751,38567,38548,42751
000d57ad-cb5a-4477-978e-fe864523a80f-1523881118159,44075,44074,44076,44075,44074,44075,44075
000d9495-9c10-4c9d-87ea-eee024f6bb97-1523170301976,22323
000db5d7-219f-4c73-b739-bab57eefcf16-1531242676246,46346
000dc343-cdd5-49b8-8ad5-e3c97afd401f-1546245973451,36131
000dbd14-7064-4388-bc4e-aa88367cb2cb-1544823701885,42706-rood
000d984a-5dd0-4646-83b8-8374dc295739-1525165635703,44802
000dd1ad-17af-4c6d-a243-cbf2cc052744-1544622209392,42628
000dc764-2b2f-4950-b0a6-74e298f61c66-1526127212578,30324-george,30324-george
000dc4b7-84bd-4064-8a33-130c986041e1-1523291927094,45181,45179,45178
000def66-4ea3-4ff0-90d9-508d3097ae65-1531317327921,36006,36006
000de5b9-d968-44cc-8412-38d10dc628c7-1538596938936,43958
000e0d33-2f47-4f1e-adc3-be77c99d568d-1535532810395,39382
000e0ddc-712d-4d4a-9ab7-ed39cbd6a5fd-1546178049464,8961
000df1d9-7fac-4ca4-8751-d42eead4752a-1536527938725,46670
000e2f0c-670d-4018-b3e6-c9fc401f4bba-1536069052646,23843
000e381c-9e38-41f2-8800-ff029eab01dd-1535295900989,20758
000e3a17-b916-4634-b726-666d4635ebff-1539628065543,30395
000e44be-e3b1-44a8-aa16-f1c233728548-1540781917905,35776
000e52ef-02b7-4860-b5ea-98a2c08c5781-1531765735621,44643
000e5419-c138-4f1d-a70d-08383872cf0d-1542544352979,46254
000e4f12-8b08-45b6-97b7-67ae8ff20588-1541422135166,36006
000e3f66-7b66-4a69-ad99-ff460b26877d-1529360269480,33577
000e5dca-1611-4da8-8228-47172e04cb06-1533827005273,44616,44640
000e8932-79c4-425f-8d01-a2b93743ff78-1520802197570,41450
000e3b4b-4f63-4bab-90cb-bec416e6b225-1544733470088,46314
000e62bf-f15e-487a-941e-87918c7c5ff7-1531123780223,45104,45107,45665,46254
000e7227-eab0-4ecd-b00f-9e8c926adaa5-1529078173096,45665,45104,45103,45103
000e8e23-b130-436b-9127-1c8135fb1944-1536945852635,38484
000eb48b-c0d1-4b9d-836a-ede5cd0be0c4-1536275283718,40306,40306
000eeeca-09eb-4f3d-b7b2-2e48bc18cb6f-1547294015843,40794
000eb0d5-3831-4548-bb12-3a8002baa832-1547576962501,47305,46821,47305
000ef950-69fb-4f92-9dd9-ce9d9cbeec48-1527623784641,16791
000ed88f-8926-4260-bc45-f956950e591b-1537205133666,38485,38485,38485,29084
000ea836-ef45-4330-875f-ae059710390e-1523464233578,32353
000f1c09-5bad-4977-9336-ca0ef8f661bd-1529961385734,40066
000efd25-78e2-4212-b1ab-aa27029b5a3b-1534673392747,38871
000f3263-8496-479c-b626-c43e692ff1d7-1521284883451,1475
000f2e7c-d62f-4a4d-a278-d196efb9ad3d-1522269758096,40077-blauw
000f7822-1594-4051-a87f-78bce6acef39-1543509960466,44869
000f7493-a91f-49c9-8b40-bb69ff38e262-1529782361092,42929-marvel
000f87b2-394b-49c7-8cc8-c3716c64af01-1543908581913,43578
000f5dfa-15a0-49b0-9478-5e595456fd4d-1528666049720,43907,43907
000eff82-c509-4c70-b97c-2ab85f3e1bd6-1522847684278,45121,45121,45123,45123,45121,45123,45121
000f8b8d-9855-4cf7-8a4e-bf34deff4f5f-1534178520220,45246
000f9b00-c611-47d7-a702-1b6f1488db2c-1528750727930,28238
000f5b76-528e-4322-9408-fcd8d99c1085-1526550322772,45107,45106,45106,39535,45179,45104
000f8f28-5d91-4918-86b7-4bd1a0b66e5b-1535459522968,4120
000fcce4-4472-47fc-a9e3-3a6ee1ff6c97-1540191761131,31988
000fd5f7-9404-4bd2-8524-636e6b74aae4-1533310177649,46819
000fd633-9702-49ea-8d41-4ae6131187bd,40842
000f59ff-a878-41f5-aec1-ed119da8dd00-1534431001692,38959
00104472-270c-4f65-97be-aa6c095bf0e4-1533812907207,90409
001044e1-e5b4-4db9-b4cb-059ee11baae3-1539869679345,41750,41750
00105c4e-a423-4ead-9006-6e81117382e8-1543833251853,32491
0010131a-0865-46b6-b3dc-e177c6dfb6e0-1530128307365,1617
00106f69-5d7d-4097-84c7-9097342b6430-1532536439947,45529
0010728b-fb25-41fb-8b20-8f3035048778-1547245036482,7691
00106517-4ea2-4db5-8f9f-8a8f980669a4-1535910687567,45860,46820,45860
0010950d-1540-4151-9d0a-75e10976e339-1540283240943,47631
00109bb8-62a5-4ac2-9ded-3cdbefe9f8c7-1522680233940,29068,29068,29068
0010a0a4-5364-48dc-841b-f850e7155a5b-1543516469645,41001
001077dd-5b98-4fc0-a622-aedb51fcbd27-1538544677585,46821,46808,46821
0010a7dc-49de-4042-970c-965cdb3e2536-1522080393307,42024
0010986e-4ca5-49db-a81e-1b53321716a9-1537038360992,42287
0010dc89-630c-44b3-bc65-a9d8c8248c39-1522039847663,41029
0010deed-5256-4128-b9e2-6702b5692a2f-1543009119116,47949
0010d4e2-0e57-4dd2-9482-f76e5be246eb-1547394014469,39801,48031
0010e2d2-dc48-4c48-918b-d2d2a478d601-1539380352295,30503
0010d1af-9485-49aa-97e1-c28ba359ac0c-1537608169786,45537
0010f38f-d62f-445c-99f2-f719d077bd60-1547551511133,48335
0010bee2-1a21-4231-8f2c-3f6a14803632-1528620178230,4706,5229,32502,41798,45543,31131,31132
0010f71b-0b2d-4bb5-a2d5-06a289f324fe-1541845513752,44127
00110cd0-025f-49cd-9ddf-885c74a93277-1536987750659,4848
00110391-a013-47c3-b315-8ca5a1d7a38f-1522318300838,25960
00112c58-ddd7-4805-8b71-cd0acd28184c-1537174117227,36296
0010ce52-a58c-4943-b4d1-1c5f6c53c785-1547203150940,8426,8426,8426,8426,8426,8426,8426
0011377c-e30d-4fb4-8d6a-beaaf140519c-1539087915000,45486,45486,45486
00112b18-e604-4ac5-9ab7-c632859e3b74-1532526250018,31714
00112fb0-7fb2-42f8-bb29-3abe7ef7ae58-1527107112856,45116,45665
00115236-f9be-4891-8eed-d8d51ae71926-1531248255889,40351-roze
00118e13-a4cf-4150-9435-0d00e00d666e-1518862309221,21895,21895
00118fc7-f41c-44da-b0f7-2283c8fd3af5-1535720501899,46249
0011529d-de3b-41ed-8eb7-c2f466a118e1,25982,31195,44240
0011aa19-f503-4d64-8728-8c14c82bcc2f,1697,43347,1475
00114a62-da09-4999-9feb-e2244cfac1c0-1523730159954,33568,33568,33568,33568,33568
0011ac16-6884-4a17-bbfd-47339d56461b-1524226898683,44436
0011cab3-f34f-4780-8e06-f1a2f9a23fa1-1520757413978,16849
00119c49-4057-4f04-a4fc-fa13e1b256ac-1524396640970,45196
0011c018-95bb-4d75-a7d1-0e3bdd217741-1532033326587,45209,4123
0011ff09-efdc-4217-83ee-f016659264d6-1525513323170,40463-blauw-2627
00121262-9991-4794-9552-1c4b37ec78e0-1539085335307,29498
00120b67-8040-4c7f-bfe6-37a855983d4e-1547630229602,45107,45107
0012328d-2230-4698-8168-e0e845ab3c78-1531429771190,46652
0011d187-4a10-4150-a5fc-f47add25dceb-1537541039512,43362-princess,41457,36235,42766
0012573c-d8d1-4bdb-8d7e-db153c2b99af-1535491956138,46254
0012317d-7064-4828-8b8b-954af6132dd3-1537208757284,45819,45819
00126704-67e4-4d81-a443-0980ee270bcf-1521978894242,44394
00127759-3b37-4af8-abe7-9fea7257f2e2,29879
00128602-da60-46fd-84c2-aa28c32247d0-1542486763849,44641
00128468-7393-41dd-b07e-0324b9f7b371-1533490914770,40344
00114937-4a46-4430-9745-633a52830201-1544721359077,16576-hert-eekhoorn,9553,16908,3113,3540,29140,41747,41747
00127afd-8813-4b39-900d-948047abd29a-1545235140939,23228,23228,23228,23228,23228,23228
0012939b-5701-45cb-b579-b964031253f6,39787,39790
00129009-b929-4fc1-9320-b8a0795099dc-1537304531558,25974
00123c18-7f1b-4322-96b7-5350dbd73c73-1542033071841,46559,7096,6911,46558
0012cab8-90e4-4afc-90c0-e2835a49a370-1546721681358,45869
00126a92-8fce-41d3-bed7-e13af04b1c36-1537789477392,46820,46820,46820,27122,27121,35725,4123,35242,5274,35242,27704
0012ea73-0388-432a-aa58-d7205ad641d5-1520438063234,26326,26331
001296f7-6b52-4a0c-963f-ab89308c9bea-1539618858814,46358
0012f824-2ec9-4b5d-98e9-0d3edd71d1a3-1532952039678,39503
001322db-4ba8-4823-9a2c-df448ff868fb-1535810156781,27122
0012de7f-8091-47ba-96fe-80d149f8c649-1545168349523,45194,47035,47035,47035,36286
00129f6f-d804-4013-9971-cb39cb7f356a-1544777947596,45894,45894,21636,31654,43589,31654,33024,31654
00130388-e138-4967-bd92-f4b713572236-1524756564994,45569,45569
001349d3-f48f-42be-bfa5-5efa3a52b8f9-1536524159910,31309
001336ad-04d7-41c5-8f39-127296e3baf4-1535005948399,46118
0013090b-7c8d-4cdb-8b95-38340539910d-1524223219728,7096,7096
0012cded-3a1a-4742-9403-25f4295c75b9-1525127476544,9397,24112
00133e77-20dc-4ea0-8df8-5e8c5ea7cfc9-1522180097443,4488,6854,4488,29832
00128b95-a104-4013-a535-cd095a88872d-1531249055080,20315,35431,22113,35429,35431,35431,35431,35431,45272,25974,25974
0013573d-bd22-4ca2-a41a-f02d6b180bd5-1545052239378,20632
00134afd-ba82-4ac9-8d62-663151d391ef-1528678028662,1475,1470
00136929-2d40-4930-a0d6-3c477cb504e3-1540658480630,3722
00137310-1d2a-43ec-95e5-6ba8eb5acd9d-1532286196087,45836
00135b20-356d-44a2-8c75-e1b6ede68a02-1528102119820,21120,21120,7653
0013702d-bfdd-401d-80cd-77dcb9239425-1533195201252,46254
001398df-e74c-4430-9bd8-6f434b002ce5-1525098227052,41957,41957,41957
00137acc-98ca-497b-992c-be18478c1ff2-1548183116132,8701,43555,48407,45483
00134abc-8cdc-4f2d-a400-9c9e48c0a891-1528629378130,44730-m,44733-l,44729-l,45687,44730-l,44730-l
0013af13-c6e7-4648-b3b0-9e01923ef55a-1538459878668,6742
0013bd24-296f-476c-bcde-3ce4d7f0caca-1548077337331,48402
0013c175-90f1-4310-80ef-de9d11757ea5-1537774840345,8232
0013cac2-20c8-4fc8-99e1-1e41662d69b4,40417-wit,40417-wit,40417-wit
0013c648-cb29-4f28-a934-6a3216d82d69-1541614543601,41529
0013cce0-efc9-4f70-9fa9-01e3591658ed-1544452546291,26085
0013e80e-e54c-4446-91a0-ed42c81b0a2e-1531309711711,45816
0013f4ee-35b6-4727-9f80-27ffa45fd0c3-1539200518483,20751
0013ad85-4b36-41a2-a092-8b2cca228c37-1525909632777,42331,42335,42335,43605,43066-leger
00140b71-dd9d-42af-a066-3cf4690a38a7-1524123555740,33319
00144b76-6edf-488b-904b-a1609ad8862b-1537704834095,8425
00143235-7416-4942-8d10-431a08a62794-1537125899329,20026
00146659-938b-42cc-b4ed-a1dc47f7d944-1530040911540,31659
0014927b-d9e4-4be3-ac2c-52ca0be51836-1530105257143,24654,24654
00148af2-b811-43a5-9fa3-72b4ca62d887-1545954593902,38949
001490b1-3427-4328-8f58-def77085f4d1-1529314109804,29337,29337,29337
00145dea-154f-4f8f-b1b4-834fddae4358-1525276642560,44825,44825,30841,29992
001491fb-e8d7-4552-a899-db8f98a85f6e-1525066960740,42613,42604,42580,42572
0014a7ab-8e75-45b4-bcd7-eaa5d5cd0548-1539707321789,40377,40377
0013a183-2f6d-42d4-93f4-33273fddcbc6-1539944017954,41947,46556,17267,46556,21762,21762,42218
0014be83-af2f-4a65-9a36-d509bdfe1167-1533154721695,45403
0014cc27-5e00-4003-857d-2242a004179c-1523803949048,24047
0014fb2a-3edd-475c-93e9-bc207eef8ca5-1533386992530,38815
0014f9d5-3022-4b54-997b-190fca5f2a26-1525898995906,45120
001504f2-cc85-496d-a26a-176c3e160437-1541359396625,41010
