0001f5be-8c5f-4548-a233-77c234034e85-1546352872945,26085,1932,25974,25974,1932,26085
0002f444-4186-46f7-a7db-c57efa19e8ae-1531821549657,36006
000333bc-b5e4-454c-9608-d2feea8e22de-1522757850545,44606
00034caa-3f08-49a8-9659-2aecbc8940f6-1528803025315,43953
00055600-6441-4aa5-8ebc-5d7d75a563f8-1531602169193,44824
00065b99-8cb8-4b40-a155-e979c3558cae-1536314599039,9577
000855c6-5d45-4d07-8545-6758ca4d1d82-1547200062260,16121
0009eb74-f9d5-4f5f-80a4-2c6b26cf3225-1524593379031,29991
0009a152-1768-4e0e-8742-508826456de5-1536919085306,1586,46677,33129-Zwart,40883,20400,17303,45714-blauw
000a2f3d-a810-4917-b60a-b215f4b18a8e-1529424289676,8321,16255,44242
000ae5cf-c93d-49c2-a44e-bb64e221e416-1538228147085,45103
000a5272-1826-425a-9f40-f7871d8ca706-1533485710070,38815,43580,16052,3071,46352,41918,46353
000d54e5-235e-4c01-bb8b-23ab111ea9cf-1536618972100,40684
000cb20b-d26c-4a22-ab90-9a582c7e7a5b-1547747447322,42751
000efd25-78e2-4212-b1ab-aa27029b5a3b-1534673392747,38871
00126a92-8fce-41d3-bed7-e13af04b1c36-1537789477392,27121,35725,5274,27704
00134abc-8cdc-4f2d-a400-9c9e48c0a891-1528629378130,44733-l,44728-l,44732-l,44729-l,44731-l,43724-wit-l,44730-l
0013a183-2f6d-42d4-93f4-33273fddcbc6-1539944017954,41947,17267,21762,42218
