5a39402ba825610001bb6dc1,JUDGER
5a3940cea825610001bb6e93,NULL
5a393ef6a825610001bb6c51,JUDGER
5a393eceed295900010386a8,BOUNCER
5a39414ba825610001bb6f3d,LEAVER
5a393d68ed295900010384ca,BOUNCER
5a3941e1ed29590001038ad9,NULL
5a394487a825610001bb7348,NULL
5a394475ed29590001038e43,buyer
5a3945b0ed29590001038fea,BROWSER
5a39484fed2959000103930c,JUDGER
5a394aa8a825610001bb7aed,JUDGER
5a394b78ed295900010396a5,NULL
5a394b43a825610001bb7ba5,BROWSER
5a394bebed2959000103972f,NULL
5a394c9fed2959000103980a,JUDGER
5a394ab6a825610001bb7b02,buyer
5a394ce4a825610001bb7d7b,COMPARER
5a394b1fed29590001039651,COMPARER
5a394d22a825610001bb7dce,comparator
5a395022a825610001bb81c7,NULL
5a395297a825610001bb8512,BROWSER
5a394ff7a825610001bb8186,buyer
5a394d7da825610001bb7e43,BOUNCER
5a39530eed2959000103a084,BUYER
5a395341ed2959000103a0e0,BROWSER
5a3953b9ed2959000103a19e,BUYER
5a3956dfa825610001bb8b33,NULL
5a39557bed2959000103a409,BUYER
5a39567fed2959000103a539,FUN_SHOPPER
5a3958f3ed2959000103a8d4,buyer
5a395850ed2959000103a7f4,BOUNCER
5a395a04ed2959000103aa47,BROWSER
5a395b0ced2959000103abdb,comparator
5a395bb2a825610001bb927e,NULL
5a395bcfed2959000103acdc,BROWSER
5a395cd7a825610001bb9413,buyer
5a3960cfa825610001bb9a4e,BROWSER
5a396289a825610001bb9dbb,buyer
5a396308ed2959000103b77a,BUYER
5a395fc1ed2959000103b24d,COMPARER
5a3962c2a825610001bb9e1c,JUDGER
5a39636ced2959000103b809,JUDGER
5a395d1aa825610001bb9484,BUYER
5a396487ed2959000103b9c5,LEAVER
5a396483ed2959000103b9be,JUDGER
5a396500ed2959000103ba7e,judger
5a396522ed2959000103baac,BROWSER
5a396779a825610001bba692,NULL
5a3969f3ed2959000103c2de,NULL
5a396cfea825610001bbb137,JUDGER
5a396d94a825610001bbb241,BOUNCER
5a39710ded2959000103ce9d,buyer
5a396ee0ed2959000103cb30,BROWSER
5a396ac7ed2959000103c44a,BROWSER
5a39711ced2959000103ceba,JUDGER
5a3972cbed2959000103d12c,NULL
5a397159ed2959000103ceff,buyer
5a396e36a825610001bbb368,COMPARER
5a397129a825610001bbb8b5,BROWSER
5a39753bed2959000103d51f,NULL
5a397393a825610001bbbcea,JUDGER
5a397581a825610001bbc048,NULL
5a3974beed2959000103d439,leaver
5a3975cbed2959000103d624,NULL
5a3975cfed2959000103d62e,judger
5a39768fa825610001bbc270,leaver
5a3976f8a825610001bbc33c,BOUNCER
5a397484a825610001bbbe83,JUDGER
5a397721a825610001bbc37e,BUYER
5a397bc1a825610001bbca9d,BOUNCER
5a3979d4a825610001bbc7bc,browser
5a397c64a825610001bbcba1,NULL
5a397bd4ed2959000103df89,COMPARER
5a397bd1a825610001bbcab4,LEAVER
5a397cb7a825610001bbcc42,BOUNCER
5a397d03a825610001bbccc4,bouncer
5a397d71a825610001bbcd92,NULL
5a3982eca825610001bbd607,buyer
5a397fa8ed2959000103e547,judger
5a3984d7a825610001bbd949,bouncer
5a39855fa825610001bbda0f,JUDGER
5a3986e5a825610001bbdc2e,buyer
5a3986a7ed2959000103ef62,JUDGER
5a398ae5a825610001bbe134,buyer
5a398da4ed2959000103f795,BOUNCER
5a397876ed2959000103da73,JUDGER
5a399534ed2959000103fe46,NULL
5a399285a825610001bbe8e1,judger
5a3996dded2959000103ff95,NULL
5a39983ea825610001bbed51,browser
5a399866ed295900010400a3,buyer
5a399c52a825610001bbf052,BROWSER
5a399796a825610001bbece9,BROWSER
5a399d37ed2959000104041c,leaver
5a399d9ea825610001bbf161,BOUNCER
5a39ac51ed29590001040a30,NULL
5a39aa41a825610001bbf69f,buyer
5a39b037ed29590001040afa,JUDGER
5a39a76ca825610001bbf5d6,JUDGER
5a39a469ed295900010407dc,LEAVER
5a39b077ed29590001040b04,LEAVER
5a39d6d0a825610001bbfcb8,bouncer
5a39d706a825610001bbfcbc,judger
5a39db99ed295900010410ec,NULL
5a39df2ca825610001bbfde6,NULL
5a39de26ed29590001041138,bouncer
5a39e49da825610001bbfe69,bouncer
5a39e60fa825610001bbfe8b,NULL
5a39e12fa825610001bbfe14,NULL
5a39e72da825610001bbfea9,comparator
5a39e65aa825610001bbfe92,bouncer
5a39e914a825610001bbfedc,bouncer
5a39eaf0ed2959000104128e,NULL
5a39e07bed29590001041173,browser
5a39ea14a825610001bbfef9,buyer
5a39ec90a825610001bbff3c,leaver
5a39eb38ed29590001041293,bouncer
5a39ec8aed295900010412bf,NULL
5a39ed54ed295900010412dd,comparator
5a39eed2a825610001bbff88,NULL
5a39eefbed29590001041315,NULL
5a39ef88ed29590001041329,NULL
5a39eb48ed29590001041297,bouncer
5a39f402ed295900010413d3,bouncer
5a39f0bba825610001bbffd1,buyer
5a39ee28ed295900010412f8,BUYER
5a39f427a825610001bc0065,bouncer
5a39f496ed295900010413ea,bouncer
5a39f4aaed295900010413f0,NULL
5a39f687a825610001bc00e7,NULL
5a39f66ced29590001041440,NULL
5a39f793a825610001bc0128,NULL
5a39f774ed2959000104148b,leaver
5a39f7faed295900010414a4,NULL
5a39f7f7ed295900010414a3,bouncer
5a39f4e5a825610001bc008d,bouncer
5a39f7feed295900010414aa,NULL
5a39f51ded295900010413ff,browser
5a39f8f6a825610001bc016b,bouncer
5a39f86aa825610001bc0150,bouncer
5a39f93aed295900010414f6,leaver
5a39f9e7a825610001bc01ac,browser
5a39f9f0a825610001bc01af,bouncer
5a39f98fed29590001041508,leaver
5a39fac5a825610001bc01da,browser
5a39faeded29590001041558,bouncer
5a39fbd2a825610001bc022b,NULL
5a39fadaa825610001bc01e4,leaver
5a39fbcfa825610001bc0228,comparator
5a39fbd7ed29590001041599,NULL
5a39fca9a825610001bc027c,browser
5a39fce3ed295900010415e0,comparator
5a39fd6ca825610001bc02bb,NULL
5a39fd59a825610001bc02b7,NULL
5a39fe46ed29590001041662,NULL
5a39fd01ed295900010415e7,bouncer
5a39fe3eed2959000104165a,bouncer
5a39ff5ded295900010416bd,judger
5a39ff79ed295900010416cb,BROWSER
5a39ffd0ed295900010416f6,leaver
5a3a0048ed29590001041742,bouncer
5a3a016ced295900010417e0,judger
5a3a01bea825610001bc04da,leaver
5a3a01bda825610001bc04d9,bouncer
5a3a0093a825610001bc0432,bouncer
5a3a01baed29590001041809,comparator
5a3a01c3a825610001bc04dd,NULL
5a3a01d2a825610001bc04ec,JUDGER
5a3a01fbed2959000104182b,bouncer
5a3a0240a825610001bc051e,judger
5a3a0272a825610001bc0539,browser
5a3a02b9a825610001bc0566,NULL
5a3a027ca825610001bc053e,leaver
5a3a03b1a825610001bc05ff,bouncer
5a3a0368a825610001bc05d3,leaver
5a3a03b6ed2959000104191e,NULL
5a3a039fa825610001bc05f5,BOUNCER
5a3a036aed295900010418f0,browser
5a3a0418a825610001bc0646,NULL
5a3a041fed29590001041967,judger
5a3a042eed29590001041971,judger
5a3a03e2a825610001bc061d,JUDGER
5a3a048ded295900010419a7,browser
5a3a0499a825610001bc068c,NULL
5a3a0494a825610001bc0689,bouncer
5a3a04ceed295900010419d2,NULL
5a3a04a7a825610001bc0693,judger
5a3a0473a825610001bc0676,comparator
5a3a04b8a825610001bc06a1,bouncer
5a3a0522a825610001bc06e0,NULL
5a3a04eded295900010419e4,bouncer
5a3a060eed29590001041a9b,NULL
5a3a0630a825610001bc0772,judger
5a3a0688a825610001bc07a2,NULL
5a3a0684ed29590001041ae7,COMPARER
5a3a06daed29590001041b1c,NULL
5a3a070ea825610001bc07e8,comparator
5a3a073ced29590001041b54,NULL
5a3a0725a825610001bc07f9,LEAVER
5a3a07f4ed29590001041bbc,bouncer
5a3a06b9ed29590001041b0e,browser
5a3a0822a825610001bc08aa,bouncer
5a3a07a1ed29590001041b94,bouncer
5a3a0849a825610001bc08c1,bouncer
5a3a0867a825610001bc08d8,buyer
5a3a08a2ed29590001041c29,comparator
5a3a0870ed29590001041c08,BUYER
5a3a08a2a825610001bc08fb,BROWSER
5a3a0923a825610001bc0952,NULL
5a3a08dbed29590001041c50,BOUNCER
5a3a092aa825610001bc0957,NULL
5a3a097ced29590001041cb6,NULL
5a3a0926ed29590001041c7c,leaver
5a3a0980ed29590001041cbb,comparator
5a3a0a97a825610001bc0a3e,bouncer
5a3a0aa3a825610001bc0a42,judger
5a3a0ad9a825610001bc0a68,NULL
5a3a0ae3a825610001bc0a6f,NULL
5a3a0a48ed29590001041d3f,comparator
5a3a0a51a825610001bc0a13,BROWSER
5a3a0b15a825610001bc0a8f,NULL
5a3a0b4aed29590001041ddd,judger
5a3a0b4eed29590001041de3,bouncer
5a3a0b50a825610001bc0ac1,bouncer
5a3a0b73ed29590001041dfa,browser
5a3a0bdfa825610001bc0b29,NULL
5a3a0b83ed29590001041e08,comparator
5a3a0bc5ed29590001041e48,NULL
5a3a0bd9a825610001bc0b26,judger
5a3a0cdaed29590001041f12,NULL
5a3a0c8aa825610001bc0b9f,bouncer
5a3a0cb1a825610001bc0bbb,bouncer
5a3a0c9ca825610001bc0bab,bouncer
5a3a0cdea825610001bc0bda,leaver
5a3a0cefed29590001041f27,bouncer
5a3a0d05a825610001bc0bf1,BROWSER
5a3a0d76ed29590001041f81,NULL
5a3a0e09a825610001bc0caa,BOUNCER
5a3a0e1ba825610001bc0cb7,NULL
5a3a0e26a825610001bc0cc3,NULL
5a3a0d64a825610001bc0c2f,NULL
5a3a0e3fa825610001bc0cd6,NULL
5a3a0e37a825610001bc0cd3,bouncer
5a3a0e3ca825610001bc0cd5,browser
5a3a0e9ea825610001bc0d2b,NULL
5a3a0e6bed29590001042039,leaver
5a3a0e7aa825610001bc0d05,leaver
5a3a0f10a825610001bc0d73,NULL
5a3a0ea0a825610001bc0d2c,bouncer
5a3a0ebbed29590001042077,comparator
5a3a0f34a825610001bc0d8a,NULL
5a3a0e56ed2959000104202e,browser
5a3a0f44ed295900010420d2,NULL
5a3a0f7fa825610001bc0dc8,NULL
5a3a0f4ea825610001bc0da6,bouncer
5a3a0f77ed295900010420ee,browser
5a3a0fe4ed29590001042139,NULL
5a3a0fdaa825610001bc0e15,buyer
5a3a1027a825610001bc0e4c,buyer
5a3a0ff5ed29590001042146,NULL
5a3a106eed295900010421a2,bouncer
5a3a101aed29590001042163,browser
5a3a10a2a825610001bc0ea1,bouncer
5a3a111bed2959000104221e,NULL
5a3a10bba825610001bc0eb1,NULL
5a3a10e4ed295900010421f2,bouncer
5a3a1032ed29590001042174,BROWSER
5a3a114ea825610001bc0f24,NULL
5a3a1168a825610001bc0f39,bouncer
5a3a11a4ed29590001042284,bouncer
5a3a11d7ed295900010422ab,NULL
5a3a126ced29590001042322,NULL
5a3a1213ed295900010422e1,browser
5a3a12a5a825610001bc103b,bouncer
5a3a1281ed29590001042339,BOUNCER
5a3a12a7a825610001bc103e,comparator
5a3a1169a825610001bc0f3a,comparator
5a3a12d8ed29590001042375,NULL
5a3a12cba825610001bc105f,buyer
5a3a1358ed295900010423ce,NULL
5a3a12fced2959000104238e,BROWSER
5a3a138eed29590001042403,comparator
5a3a13a8a825610001bc1118,comparator
5a3a1370a825610001bc10f2,bouncer
5a3a1404a825610001bc115a,judger
5a3a1417ed2959000104247a,comparator
5a3a1418a825610001bc116c,browser
5a3a1425ed29590001042483,judger
5a3a143da825610001bc118f,judger
5a3a147aed295900010424c4,NULL
5a3a146da825610001bc11b6,judger
5a3a14d6a825610001bc120b,bouncer
5a3a14dda825610001bc1212,browser
5a3a14c1a825610001bc11f7,browser
5a3a14a5a825610001bc11e1,bouncer
5a3a14ffed29590001042532,comparator
5a3a1503a825610001bc1233,comparator
5a3a161da825610001bc131f,comparator
5a3a1641ed29590001042636,BOUNCER
5a3a1513ed29590001042548,BROWSER
5a3a1645a825610001bc133d,NULL
5a3a164ea825610001bc1343,bouncer
5a3a165ca825610001bc1352,NULL
5a3a165ded29590001042654,NULL
5a3a1672ed2959000104266a,comparator
5a3a165aa825610001bc1350,BOUNCER
5a3a165ba825610001bc1351,bouncer
5a3a16ebed295900010426d1,NULL
5a3a16b2a825610001bc139f,comparator
5a3a1756a825610001bc142f,bouncer
5a3a175aed29590001042734,leaver
5a3a175ced29590001042736,browser
5a3a1771a825610001bc1443,NULL
5a3a17aeed29590001042779,bouncer
5a3a1772a825610001bc1444,NULL
5a3a17aaa825610001bc1474,bouncer
5a3a17d6ed2959000104279f,browser
5a3a17faed295900010427bc,NULL
5a3a189eed2959000104284b,browser
5a3a187aa825610001bc1527,BOUNCER
5a3a1915ed295900010428bc,comparator
5a3a191aa825610001bc15b5,NULL
5a3a1924a825610001bc15c3,NULL
5a3a198ba825610001bc162a,NULL
5a3a1930a825610001bc15d2,NULL
5a3a1993a825610001bc1635,BROWSER
5a3a198ced29590001042925,browser
5a3a19a0ed29590001042939,bouncer
5a3a1989a825610001bc1628,NULL
5a3a19a4ed2959000104293e,NULL
5a3a19b9a825610001bc165a,NULL
5a3a19bbed29590001042953,NULL
5a3a19cfed29590001042972,comparator
5a3a19e6ed29590001042984,bouncer
5a3a19f6a825610001bc1699,bouncer
5a3a1a03a825610001bc16a6,NULL
5a3a1a47a825610001bc16e7,NULL
5a3a1a45a825610001bc16e5,browser
5a3a1a65ed295900010429f0,NULL
5a3a1a53a825610001bc16f1,bouncer
5a3a1a00a825610001bc16a3,browser
5a3a1a6ea825610001bc170b,NULL
5a3a1a78a825610001bc1714,bouncer
5a3a1a9fa825610001bc1739,browser
5a3a1ac8a825610001bc1765,NULL
5a3a1aeeed29590001042a6b,comparator
5a3a1afbed29590001042a78,NULL
5a3a1ab6a825610001bc1754,bouncer
5a3a1b74a825610001bc180f,bouncer
5a3a1b9da825610001bc1828,bouncer
5a3a1bb8ed29590001042b23,bouncer
5a3a1b05a825610001bc17a9,bouncer
5a3a1bd8a825610001bc185a,NULL
5a3a1beca825610001bc1875,judger
5a3a1c27a825610001bc18b6,bouncer
5a3a1c00ed29590001042b5c,NULL
5a3a1ca0a825610001bc1937,NULL
5a3a1c7da825610001bc1915,comparator
5a3a1c79ed29590001042bc5,FUN_SHOPPER
5a3a1c26ed29590001042b82,BOUNCER
5a3a1cb0a825610001bc194a,NULL
5a3a1cd2ed29590001042c21,judger
5a3a1cdba825610001bc196a,bouncer
5a3a1ce0a825610001bc196e,bouncer
5a3a1cf5a825610001bc1984,NULL
5a3a1d42ed29590001042c81,NULL
5a3a1d04ed29590001042c43,LEAVER
5a3a1d4ded29590001042c93,NULL
5a3a1d6eed29590001042cb3,NULL
5a3a1d31a825610001bc19bf,buyer
5a3a1dbca825610001bc1a48,bouncer
5a3a1df6ed29590001042d17,comparator
5a3a1e01ed29590001042d26,NULL
5a3a1df9ed29590001042d1a,bouncer
5a3a1e79a825610001bc1b00,NULL
5a3a1d29ed29590001042c62,BOUNCER
5a3a1e0fa825610001bc1a8a,buyer
5a3a1e94a825610001bc1b1e,NULL
5a3a1e91a825610001bc1b19,comparator
5a3a1eb0a825610001bc1b43,NULL
5a3a1e71a825610001bc1af7,judger
5a3a1e95ed29590001042dae,comparator
5a3a1ed4ed29590001042ded,bouncer
5a3a2094ed29590001042faa,comparator
5a3a2117ed29590001043022,judger
5a3a2141ed2959000104305d,NULL
5a3a2176ed29590001043095,NULL
5a3a213ba825610001bc1dbd,judger
5a3a2124a825610001bc1daa,NULL
5a3a218fed295900010430a9,BOUNCER
5a3a21c0ed295900010430d4,NULL
5a3a2195ed295900010430b0,comparator
5a3a21cea825610001bc1e4a,NULL
5a3a21cda825610001bc1e47,browser
5a3a2139ed2959000104304d,bouncer
5a3a21eded295900010430f6,NULL
5a3a2216a825610001bc1e9e,bouncer
5a3a21f3a825610001bc1e71,judger
5a3a2208a825610001bc1e8a,buyer
5a3a2236ed2959000104313a,comparator
5a3a2240ed2959000104314a,comparator
5a3a221ca825610001bc1ea4,JUDGER
5a3a226aed2959000104317c,NULL
5a3a2247a825610001bc1ece,NULL
5a3a228ca825610001bc1f0c,NULL
5a3a22a4ed295900010431b6,judger
5a3a2319a825610001bc1fa1,NULL
5a3a2305a825610001bc1f90,NULL
5a3a231fa825610001bc1fa4,comparator
5a3a2329ed29590001043227,bouncer
5a3a2329ed29590001043229,NULL
5a3a2348ed29590001043243,bouncer
5a3a22eaed295900010431e4,judger
5a3a235ba825610001bc1fe7,NULL
5a3a2366ed29590001043265,browser
5a3a2356ed29590001043255,NULL
5a3a239eed295900010432aa,bouncer
5a3a23caa825610001bc204c,bouncer
5a3a23bfed295900010432cb,bouncer
5a3a22c5a825610001bc1f56,NULL
5a3a240eed2959000104331c,COMPARER
5a3a243bed29590001043346,bouncer
5a3a2462ed29590001043379,NULL
5a3a245bed2959000104336d,browser
5a3a2464ed2959000104337b,comparator
5a3a2465a825610001bc20e5,bouncer
5a3a2468a825610001bc20e6,comparator
5a3a247aed29590001043392,browser
5a3a24a1ed295900010433a5,NULL
5a3a242eed29590001043337,NULL
5a3a2444ed29590001043354,JUDGER
5a3a247da825610001bc20fe,judger
5a3a24faed295900010433f5,NULL
5a3a24abed295900010433ab,judger
5a3a2532a825610001bc21c1,NULL
5a3a2513ed29590001043409,comparator
5a3a251ca825610001bc21ad,bouncer
5a3a2549a825610001bc21d8,bouncer
5a3a2556ed2959000104344a,NULL
5a3a2545ed29590001043437,bouncer
5a3a2584a825610001bc2213,NULL
5a3a2590ed2959000104347c,NULL
5a3a258aed29590001043476,judger
5a3a25b1a825610001bc2235,NULL
5a3a2597ed29590001043482,browser
5a3a254aa825610001bc21d9,bouncer
5a3a25c2ed295900010434a7,leaver
5a3a25baa825610001bc223c,comparator
5a3a25f5ed295900010434e3,NULL
5a3a25d8a825610001bc226d,judger
5a3a25faed295900010434e9,bouncer
5a3a25faed295900010434e8,buyer
5a3a265da825610001bc22eb,bouncer
5a3a2663a825610001bc22f1,NULL
5a3a265fa825610001bc22ef,comparator
5a3a2696a825610001bc2323,NULL
5a3a2671ed29590001043561,leaver
5a3a26d3ed295900010435cb,browser
5a3a26d9a825610001bc2358,NULL
5a3a26cded295900010435c1,judger
5a3a267aed2959000104356c,NULL
5a3a26dfa825610001bc2360,NULL
5a3a26e1ed295900010435d4,NULL
5a3a2717a825610001bc23a0,NULL
5a3a274aa825610001bc23d9,browser
5a3a275ea825610001bc23f4,comparator
5a3a2754a825610001bc23e4,BOUNCER
5a3a2775a825610001bc240c,bouncer
5a3a2764ed29590001043670,NULL
5a3a2794a825610001bc243f,NULL
5a3a2798a825610001bc2443,NULL
5a3a27cda825610001bc2477,NULL
5a3a27c0ed295900010436d1,comparator
5a3a27a7ed295900010436bc,buyer
5a3a27dbed295900010436f0,comparator
5a3a27e8a825610001bc249a,buyer
5a3a27eca825610001bc24a4,judger
5a3a2866ed29590001043791,bouncer
5a3a2883a825610001bc253f,bouncer
5a3a2853ed29590001043778,NULL
5a3a28a5ed295900010437eb,judger
5a3a2890ed295900010437cd,buyer
5a3a28baa825610001bc2589,browser
5a3a28c1a825610001bc2591,bouncer
5a3a2902ed29590001043850,comparator
5a3a290ea825610001bc25ed,NULL
5a3a2984a825610001bc266f,NULL
5a3a2983ed295900010438df,NULL
5a3a2988ed295900010438e4,NULL
5a3a2929a825610001bc260c,bouncer
5a3a298ced295900010438ea,leaver
5a3a2919a825610001bc25f5,browser
5a3a2993ed295900010438f2,bouncer
5a3a29cfa825610001bc26c9,NULL
5a3a29aaa825610001bc269c,leaver
5a3a299ca825610001bc268f,comparator
5a3a2a02ed29590001043968,NULL
5a3a29dba825610001bc26d4,bouncer
5a3a2a45ed295900010439bc,NULL
5a3a2a0bed29590001043970,comparator
5a3a2a3aed295900010439b2,comparator
5a3a2a53a825610001bc2766,NULL
5a3a2a22a825610001bc2729,browser
5a3a2a80ed29590001043a03,bouncer
5a3a2aa8a825610001bc27ca,bouncer
5a3a2ab6a825610001bc27dd,bouncer
5a3a2ab7ed29590001043a54,bouncer
5a3a2ad7ed29590001043a6f,judger
5a3a2b18ed29590001043abf,NULL
5a3a2b0bed29590001043ab1,comparator
5a3a2b1ced29590001043ac8,bouncer
5a3a2ae1a825610001bc2815,bouncer
5a3a2b24a825610001bc285b,bouncer
5a3a2b41ed29590001043af5,bouncer
5a3a2b03a825610001bc2833,comparator
5a3a2b4aa825610001bc288f,browser
5a3a2bb0ed29590001043b7b,comparator
5a3a2bb9ed29590001043b84,BOUNCER
5a3a2bd0ed29590001043b98,NULL
5a3a2bafed29590001043b7a,JUDGER
5a3a2bdeed29590001043ba9,NULL
5a3a2c03ed29590001043bd6,NULL
5a3a2be9ed29590001043bb7,browser
5a3a2c0fed29590001043be9,bouncer
5a3a2c11a825610001bc2960,judger
5a3a2c24ed29590001043bfc,NULL
5a3a2c44a825610001bc29a8,bouncer
5a3a2c2ea825610001bc2989,leaver
5a3a2c45a825610001bc29ac,leaver
5a3a2c8bed29590001043c68,NULL
5a3a2c98ed29590001043c7d,BOUNCER
5a3a2c98a825610001bc2a0e,bouncer
5a3a2ca5a825610001bc2a25,bouncer
5a3a2ca0ed29590001043c84,browser
5a3a2cb7ed29590001043c96,NULL
5a3a2cc2ed29590001043ca2,bouncer
5a3a2ccaa825610001bc2a4c,judger
5a3a2cd1a825610001bc2a58,browser
5a3a2d18ed29590001043d0f,NULL
5a3a2d38a825610001bc2ad1,leaver
5a3a2d49ed29590001043d4f,NULL
5a3a2d94a825610001bc2b3c,NULL
5a3a2d5bed29590001043d6a,judger
5a3a2d5ca825610001bc2af7,comparator
5a3a2d5ba825610001bc2af5,LEAVER
5a3a2da0a825610001bc2b44,judger
5a3a2df0a825610001bc2ba0,judger
5a3a2e65a825610001bc2c1c,NULL
5a3a2eaca825610001bc2c70,NULL
5a3a2ecca825610001bc2c95,NULL
5a3a2e20a825610001bc2bcd,NULL
5a3a2e85a825610001bc2c3b,JUDGER
5a3a2f0fa825610001bc2cde,NULL
5a3a2ec7ed29590001043f16,bouncer
5a3a2f27ed29590001043f81,bouncer
5a3a2f2bed29590001043f85,browser
5a3a2f44a825610001bc2d14,judger
5a3a2f50ed29590001043fab,bouncer
5a3a2f97ed29590001043fec,bouncer
5a3a2fbaed29590001044013,NULL
5a3a2fbaa825610001bc2d9b,NULL
5a3a2f7aa825610001bc2d52,JUDGER
5a3a2fdca825610001bc2dc1,bouncer
5a3a3010a825610001bc2e0a,comparator
5a3a3038a825610001bc2e44,comparator
5a3a2f75a825610001bc2d4e,BROWSER
5a3a30afa825610001bc2ece,NULL
5a3a30a8a825610001bc2ec9,judger
5a3a309bed29590001044113,bouncer
5a3a30d6ed29590001044168,NULL
5a3a30b4ed2959000104413e,bouncer
5a3a3071ed295900010440e8,browser
5a3a30cbed2959000104415e,judger
5a3a3106ed295900010441ac,NULL
5a3a3103ed295900010441a7,bouncer
5a3a30d9a825610001bc2f05,bouncer
5a3a3122a825610001bc2f54,NULL
5a3a312fa825610001bc2f63,NULL
5a3a3122ed295900010441c6,judger
5a3a3151ed295900010441fa,NULL
5a3a314ded295900010441f6,bouncer
5a3a3163ed29590001044208,bouncer
5a3a316eed29590001044217,comparator
5a3a3167ed2959000104420f,comparator
5a3a318aed29590001044248,bouncer
5a3a318fa825610001bc2fb8,NULL
5a3a317ded29590001044231,comparator
5a3a3179ed2959000104422b,bouncer
5a3a31a5ed2959000104425c,bouncer
5a3a31c3ed29590001044292,bouncer
5a3a3201ed295900010442da,bouncer
5a3a3218a825610001bc3057,bouncer
5a3a3174ed2959000104421f,judger
5a3a3273ed29590001044363,bouncer
5a3a32a3a825610001bc3102,bouncer
5a3a32b5a825610001bc3118,bouncer
5a3a32d9a825610001bc3140,bouncer
5a3a325fed29590001044347,bouncer
5a3a32e5a825610001bc314c,bouncer
5a3a331fa825610001bc3190,NULL
5a3a3313ed29590001044422,leaver
5a3a333da825610001bc31ae,bouncer
5a3a333eed29590001044453,judger
5a3a334ea825610001bc31bd,bouncer
5a3a32bfed295900010443c5,BOUNCER
5a3a3357a825610001bc31ce,NULL
5a3a335da825610001bc31d7,leaver
5a3a3378a825610001bc31f8,bouncer
5a3a3382a825610001bc3205,NULL
5a3a3375a825610001bc31f5,NULL
5a3a338fa825610001bc320f,bouncer
5a3a339fa825610001bc3229,comparator
5a3a33b4a825610001bc3242,comparator
5a3a33dda825610001bc326e,BOUNCER
5a3a33e1a825610001bc3272,bouncer
5a3a336eed2959000104448e,bouncer
5a3a3409ed2959000104454b,NULL
5a3a3423a825610001bc32c3,NULL
5a3a3404ed2959000104453f,bouncer
5a3a3457ed295900010445ad,NULL
5a3a3441ed2959000104458a,bouncer
5a3a3454a825610001bc32ff,judger
5a3a342ced29590001044577,NULL
5a3a345fed295900010445b6,comparator
5a3a3463ed295900010445bd,bouncer
5a3a34aaa825610001bc3353,bouncer
5a3a34b5ed29590001044626,browser
5a3a34eda825610001bc3394,bouncer
5a3a3506a825610001bc33b2,NULL
5a3a34afa825610001bc335b,buyer
5a3a351aed295900010446a4,bouncer
5a3a352fed295900010446b5,browser
5a3a3564ed295900010446f3,NULL
5a3a357ded29590001044718,NULL
5a3a3566a825610001bc3419,bouncer
5a3a3547a825610001bc33f8,NULL
5a3a3599a825610001bc344c,bouncer
5a3a35a1a825610001bc3455,bouncer
5a3a3585a825610001bc3438,comparator
5a3a35c1ed2959000104475f,browser
5a3a35f5ed295900010447ab,NULL
5a3a3620a825610001bc34ef,judger
5a3a3693ed29590001044870,NULL
5a3a3685ed2959000104485a,NULL
5a3a3638a825610001bc350f,BROWSER
5a3a369eed2959000104487e,NULL
5a3a368ded29590001044866,judger
5a3a36c2ed295900010448af,browser
5a3a36a6ed29590001044886,browser
5a3a36d2ed295900010448b8,bouncer
5a3a370ded295900010448f4,comparator
5a3a371fed2959000104490e,comparator
5a3a372ced29590001044921,COMPARER
5a3a374bed2959000104494c,NULL
5a3a377fa825610001bc3674,NULL
5a3a379ea825610001bc369d,NULL
5a3a3788a825610001bc367f,comparator
5a3a377bed2959000104497e,browser
5a3a37a3ed295900010449ac,NULL
5a3a37a9a825610001bc36b4,bouncer
5a3a37bfed295900010449bb,bouncer
5a3a37a2a825610001bc36a8,BUYER
5a3a37d9a825610001bc36f2,bouncer
5a3a37e4a825610001bc3700,bouncer
5a3a3840ed29590001044a63,NULL
5a3a37feed29590001044a06,buyer
5a3a3852a825610001bc377b,JUDGER
5a3a37c9ed295900010449c5,bouncer
5a3a3877ed29590001044aaf,leaver
5a3a38b4a825610001bc37f4,leaver
5a3a38b7a825610001bc37fb,bouncer
5a3a38a9a825610001bc37e6,BUYER
5a3a38baa825610001bc3802,NULL
5a3a38caa825610001bc3818,bouncer
5a3a38d6a825610001bc3824,judger
5a3a38e9ed29590001044b3d,judger
5a3a38f0a825610001bc384b,bouncer
5a3a3907a825610001bc387f,NULL
5a3a3923ed29590001044b84,bouncer
5a3a395fa825610001bc38df,comparator
5a3a3951a825610001bc38d1,buyer
5a3a3975ed29590001044be5,NULL
5a3a39c4a825610001bc3967,comparator
5a3a399aed29590001044c11,comparator
5a3a39d5ed29590001044c65,BROWSER
5a3a39d7ed29590001044c69,browser
5a3a39dea825610001bc397e,buyer
5a3a3a35a825610001bc39da,NULL
5a3a3a53a825610001bc39fa,bouncer
5a3a396eed29590001044bdd,judger
5a3a3a9fa825610001bc3a5c,browser
5a3a3a67ed29590001044d1b,bouncer
5a3a3aa5a825610001bc3a67,NULL
5a3a3af1a825610001bc3ac8,NULL
5a3a3af3a825610001bc3aca,bouncer
5a3a3b0ca825610001bc3ae6,BOUNCER
5a3a3b26a825610001bc3b0d,comparator
5a3a3b2aa825610001bc3b0e,buyer
5a3a3b3aa825610001bc3b25,bouncer
5a3a3b49ed29590001044e20,NULL
5a3a3b2ded29590001044dfd,BOUNCER
5a3a3a5bed29590001044d0a,browser
5a3a3b5da825610001bc3b4f,NULL
5a3a3b32a825610001bc3b1b,BROWSER
5a3a3bbea825610001bc3bd0,comparator
5a3a3bd2ed29590001044ecb,browser
5a3a3b50ed29590001044e2a,BOUNCER
5a3a3bdfed29590001044ed8,buyer
5a3a3c5aa825610001bc3c89,comparator
5a3a3c6bed29590001044f73,NULL
5a3a3c5ea825610001bc3c8d,bouncer
5a3a3ca4ed29590001044fb3,NULL
5a3a3ce1ed29590001044ff3,NULL
5a3a3c94a825610001bc3cd2,bouncer
5a3a3c82a825610001bc3cbd,bouncer
5a3a3ce7a825610001bc3d3c,NULL
5a3a3ceaa825610001bc3d41,NULL
5a3a3d41a825610001bc3db4,comparator
5a3a3d12ed2959000104502b,bouncer
5a3a3d3bed2959000104505e,bouncer
5a3a3d53ed2959000104507d,NULL
5a3a3d68ed29590001045095,comparator
5a3a3d7ced295900010450b9,browser
5a3a3d70ed295900010450a5,bouncer
5a3a3c33a825610001bc3c5b,bouncer
5a3a3d91ed295900010450d2,BOUNCER
5a3a3db1a825610001bc3e45,NULL
5a3a3da8a825610001bc3e3a,bouncer
5a3a3db5a825610001bc3e4e,NULL
5a3a3dc4a825610001bc3e5f,comparator
5a3a3da9ed295900010450f2,NULL
5a3a3dfaed29590001045151,bouncer
5a3a3dbfa825610001bc3e59,BOUNCER
5a3a3e13a825610001bc3ecf,browser
5a3a3e01ed29590001045154,bouncer
5a3a3e33ed29590001045194,leaver
5a3a3dffed29590001045152,buyer
5a3a3e45ed295900010451a7,bouncer
5a3a3e65ed295900010451cb,NULL
5a3a3e4fa825610001bc3f1a,bouncer
5a3a3e7aa825610001bc3f4d,NULL
5a3a3e7ea825610001bc3f53,bouncer
5a3a3e99ed29590001045200,NULL
5a3a3e85a825610001bc3f5c,JUDGER
5a3a3e5ea825610001bc3f33,judger
5a3a3e9aa825610001bc3f78,comparator
5a3a3e5aa825610001bc3f2b,bouncer
5a3a3ee2ed29590001045252,leaver
5a3a3edced2959000104524a,bouncer
5a3a3f02ed2959000104527b,bouncer
5a3a3f58a825610001bc4056,bouncer
5a3a3f70a825610001bc4071,NULL
5a3a3f7ced29590001045335,NULL
5a3a3fb0a825610001bc40bc,NULL
5a3a3f7aa825610001bc4081,NULL
5a3a3fb2ed29590001045386,bouncer
5a3a3fbaa825610001bc40cb,browser
5a3a3fc2a825610001bc40d8,browser
5a3a3fcea825610001bc40ea,browser
5a3a4011ed295900010453ed,leaver
5a3a4014a825610001bc413b,judger
5a3a401ced295900010453f6,NULL
5a3a4026ed29590001045400,buyer
5a3a403ba825610001bc4168,JUDGER
5a3a403ded29590001045415,NULL
5a3a4042a825610001bc4174,NULL
5a3a4042ed29590001045420,BOUNCER
5a3a403da825610001bc416a,BOUNCER
5a3a4046ed2959000104542a,NULL
5a3a4047ed2959000104542c,bouncer
5a3a404fa825610001bc4184,bouncer
5a3a4061a825610001bc419b,LEAVER
5a3a4093ed29590001045499,comparator
5a3a40b5ed295900010454c4,NULL
5a3a40dea825610001bc4237,browser
5a3a40e5ed295900010454fe,NULL
5a3a40d4ed295900010454e7,judger
5a3a4078ed29590001045471,bouncer
5a3a40efa825610001bc424c,bouncer
5a3a40f9a825610001bc4257,comparator
5a3a410fa825610001bc4271,comparator
5a3a4164ed2959000104559d,browser
5a3a4169ed295900010455a7,judger
5a3a416aed295900010455ab,browser
5a3a41d7ed29590001045639,comparator
5a3a41b3a825610001bc432b,NULL
5a3a41e3ed29590001045641,BOUNCER
5a3a4183ed295900010455d2,judger
5a3a41e9a825610001bc4373,bouncer
5a3a41f4ed29590001045657,bouncer
5a3a4204ed2959000104566c,comparator
5a3a4201ed29590001045667,BOUNCER
5a3a4204ed2959000104566e,bouncer
5a3a4218ed29590001045682,bouncer
5a3a4230a825610001bc43b7,bouncer
5a3a4256a825610001bc43e2,browser
5a3a4224a825610001bc43af,leaver
5a3a4234ed295900010456a8,bouncer
5a3a4288a825610001bc440d,NULL
5a3a4277ed295900010456f8,judger
5a3a4299ed2959000104572d,browser
5a3a42b2ed2959000104574f,comparator
5a3a4289a825610001bc440e,judger
5a3a42dbed29590001045787,NULL
5a3a42c8ed2959000104576b,bouncer
5a3a42e5a825610001bc447b,BROWSER
5a3a4308a825610001bc44a9,NULL
5a3a42faed295900010457af,bouncer
5a3a4309ed295900010457c3,comparator
5a3a4319a825610001bc44c1,bouncer
5a3a433ea825610001bc44ec,NULL
5a3a42f5ed295900010457ab,bouncer
5a3a433ca825610001bc44e8,BROWSER
5a3a4354a825610001bc4509,bouncer
5a3a436eed29590001045837,bouncer
5a3a43dea825610001bc459c,NULL
5a3a43eea825610001bc45b1,NULL
5a3a4395ed29590001045873,NULL
5a3a43f6ed295900010458d4,bouncer
5a3a4411ed295900010458f8,NULL
5a3a43c0ed2959000104589e,judger
5a3a43f9a825610001bc45c4,bouncer
5a3a4420a825610001bc45f3,NULL
5a3a443aed2959000104592c,NULL
5a3a441eed29590001045903,bouncer
5a3a4443a825610001bc461b,NULL
5a3a4441a825610001bc4617,BOUNCER
5a3a44d2ed295900010459e2,BOUNCER
5a3a44e0ed295900010459ed,leaver
5a3a446ced2959000104596b,bouncer
5a3a4461ed2959000104595e,browser
5a3a4552a825610001bc4749,NULL
5a3a44e7a825610001bc46ca,browser
5a3a4508ed29590001045a23,bouncer
5a3a4578a825610001bc477d,NULL
5a3a4579ed29590001045a95,NULL
5a3a4599ed29590001045ac9,NULL
5a3a4664ed29590001045bb5,bouncer
5a3a4666a825610001bc4892,bouncer
5a3a4662a825610001bc488b,NULL
5a3a4699a825610001bc48ca,NULL
5a3a467ea825610001bc48ae,comparator
5a3a46ffa825610001bc4943,NULL
5a3a45faed29590001045b40,judger
5a3a46d0ed29590001045c2b,JUDGER
5a3a4708ed29590001045c70,judger
5a3a477da825610001bc49d8,judger
5a3a471ced29590001045c89,BOUNCER
5a3a4794ed29590001045d17,NULL
5a3a47b8a825610001bc4a22,NULL
5a3a47c2ed29590001045d46,browser
5a3a47a2ed29590001045d21,NULL
5a3a47c9a825610001bc4a3e,comparator
5a3a47d3a825610001bc4a4a,comparator
5a3a47f7ed29590001045d91,bouncer
5a3a4807ed29590001045da6,comparator
5a3a484aed29590001045dff,comparator
5a3a484ea825610001bc4add,browser
5a3a4892ed29590001045e54,NULL
5a3a48dda825610001bc4b79,bouncer
5a3a48eea825610001bc4b92,bouncer
5a3a484eed29590001045e00,NULL
5a3a48f9ed29590001045ec5,NULL
5a3a48efa825610001bc4b94,leaver
5a3a4911ed29590001045edc,leaver
5a3a4953ed29590001045f31,bouncer
5a3a4914ed29590001045ee2,browser
5a3a4986ed29590001045f6b,NULL
5a3a4960a825610001bc4c26,bouncer
5a3a49cda825610001bc4c8e,NULL
5a3a49e9a825610001bc4cc2,NULL
5a3a4975a825610001bc4c42,bouncer
5a3a4a01ed29590001045ffa,bouncer
5a3a4a3ba825610001bc4d2c,NULL
5a3a4a6ced29590001046088,judger
5a3a4aa9ed295900010460d5,comparator
5a3a4a6da825610001bc4d64,comparator
5a3a49b5a825610001bc4c79,bouncer
5a3a4acfed295900010460fb,bouncer
5a3a4acca825610001bc4dcc,BUYER
5a3a4adfa825610001bc4dec,COMPARER
5a3a4ab8ed295900010460de,JUDGER
5a3a4ae6a825610001bc4df5,BOUNCER
5a3a4af1ed2959000104611f,browser
5a3a4af8a825610001bc4e01,bouncer
5a3a4b12a825610001bc4e1d,NULL
5a3a4b21a825610001bc4e32,bouncer
5a3a4b71ed295900010461a1,bouncer
5a3a4b5fa825610001bc4e88,JUDGER
5a3a4b89a825610001bc4ec4,NULL
5a3a4b7da825610001bc4eae,comparator
5a3a4afced2959000104612f,bouncer
5a3a4b98a825610001bc4ed4,NULL
5a3a4bb4a825610001bc4efe,bouncer
5a3a4bb9ed295900010461f3,judger
5a3a4bdaed2959000104621d,bouncer
5a3a4c35a825610001bc4f9f,NULL
5a3a4bfda825610001bc4f5d,bouncer
5a3a4c40ed2959000104629d,comparator
5a3a4c04ed2959000104624f,BUYER
5a3a4c4ba825610001bc4fc3,bouncer
5a3a4c50ed295900010462ae,NULL
5a3a4c86a825610001bc5000,NULL
5a3a4c73a825610001bc4fea,judger
5a3a4c92a825610001bc500d,bouncer
5a3a4ca4a825610001bc5024,BROWSER
5a3a4cb4ed2959000104633e,bouncer
5a3a4ccaed29590001046353,NULL
5a3a4cb0a825610001bc5037,bouncer
5a3a4cd6ed29590001046368,comparator
5a3a4cdaed2959000104636f,bouncer
5a3a4cabed2959000104632b,BOUNCER
5a3a4d07a825610001bc5098,bouncer
5a3a4d1ded295900010463c4,bouncer
5a3a4d18a825610001bc50a5,BUYER
5a3a4d23a825610001bc50b5,bouncer
5a3a4d76a825610001bc5126,bouncer
5a3a4d84ed2959000104642d,NULL
5a3a4d79ed2959000104641e,bouncer
5a3a4d3fa825610001bc50da,browser
5a3a4d2ca825610001bc50c0,BROWSER
5a3a4dc4ed29590001046488,browser
5a3a4db1ed2959000104646d,buyer
5a3a4dd0ed29590001046494,browser
5a3a4defed295900010464bf,NULL
5a3a4e05ed295900010464e2,comparator
5a3a4e14a825610001bc520e,buyer
5a3a4e47ed29590001046539,bouncer
5a3a4e25a825610001bc5224,NULL
5a3a4e33ed29590001046515,NULL
5a3a4e47ed2959000104653a,BOUNCER
5a3a4e4ba825610001bc5248,judger
5a3a4e56ed29590001046559,NULL
5a3a4e6ca825610001bc5270,browser
5a3a4e74ed29590001046585,browser
5a3a4e75a825610001bc527e,leaver
5a3a4e9ced295900010465b5,leaver
5a3a4eb4ed295900010465d6,judger
5a3a4efced29590001046628,comparator
5a3a4f0fed29590001046644,judger
5a3a4f36ed29590001046676,leaver
5a3a4efced2959000104662a,bouncer
5a3a4f5fed2959000104669f,leaver
5a3a4f11ed29590001046648,comparator
5a3a4f94a825610001bc53f6,BROWSER
5a3a4fa8ed295900010466f9,buyer
5a3a4fb3ed29590001046709,leaver
5a3a4fa9ed295900010466fb,comparator
5a3a4fbded2959000104671a,NULL
5a3a4fbced29590001046719,comparator
5a3a4fcea825610001bc543a,bouncer
5a3a4fd5a825610001bc544a,browser
5a3a4fc4a825610001bc5428,NULL
5a3a500ded2959000104678d,NULL
5a3a4fe1a825610001bc545b,bouncer
5a3a5022ed295900010467a5,bouncer
5a3a503ca825610001bc54e0,NULL
5a3a5041ed295900010467c5,NULL
5a3a4f55ed29590001046698,NULL
5a3a50baa825610001bc557a,bouncer
5a3a5054ed295900010467dc,bouncer
5a3a505ced295900010467e9,NULL
5a3a50bbed2959000104685a,judger
5a3a50c9a825610001bc558d,NULL
5a3a50bced2959000104685c,judger
5a3a50b3ed29590001046853,bouncer
5a3a5119ed295900010468cf,NULL
5a3a511eed295900010468d6,leaver
5a3a50e0ed29590001046887,bouncer
5a3a5133ed295900010468ed,bouncer
5a3a5133a825610001bc5609,bouncer
5a3a5105a825610001bc55cd,comparator
5a3a5169ed29590001046939,NULL
5a3a5154a825610001bc5639,bouncer
5a3a51a5ed29590001046987,bouncer
5a3a51beed295900010469a2,NULL
5a3a51b8ed2959000104699c,buyer
5a3a51cca825610001bc56c0,NULL
5a3a51ceed295900010469b2,NULL
5a3a51cda825610001bc56c2,bouncer
5a3a51c4ed295900010469a4,browser
5a3a51c3ed295900010469a3,judger
5a3a51d9a825610001bc56d5,bouncer
5a3a51fded295900010469f3,NULL
5a3a521bed29590001046a0f,NULL
5a3a51ffa825610001bc570b,bouncer
5a3a5216ed29590001046a0a,bouncer
5a3a521ba825610001bc572c,bouncer
5a3a523eed29590001046a45,leaver
5a3a521ded29590001046a14,JUDGER
5a3a5238ed29590001046a3e,judger
5a3a525fed29590001046a62,bouncer
5a3a5279a825610001bc57b3,comparator
5a3a5287ed29590001046a8a,comparator
5a3a52a9a825610001bc57f0,NULL
5a3a5298a825610001bc57dd,bouncer
5a3a521ea825610001bc5733,buyer
5a3a52f4ed29590001046b21,NULL
5a3a52bea825610001bc580c,leaver
